post_id,user_id,post_type,created_at
1,747,message,2023-11-18 19:29:44
2,801,story,2023-04-13 00:47:34
3,620,message,2023-05-25 21:30:51
4,564,story,2024-01-08 09:39:23
5,252,message,2023-07-16 07:49:36
6,270,story,2023-07-03 16:34:35
7,119,message,2023-05-22 04:09:00
8,344,story,2023-12-20 09:26:32
9,448,message,2023-03-09 14:08:01
10,353,story,2023-10-09 17:29:55
11,922,message,2023-04-05 15:38:00
12,643,story,2023-06-01 08:03:48
13,194,message,2023-05-29 20:34:58
14,887,story,2023-08-10 14:46:21
15,221,message,2023-09-03 07:14:20
16,786,story,2023-06-10 20:14:12
17,970,message,2023-05-07 05:36:08
18,378,story,2023-12-26 10:01:32
19,803,message,2023-07-05 08:24:46
20,653,story,2024-02-26 07:33:50
21,885,message,2024-02-18 11:35:39
22,558,story,2023-11-09 01:19:52
23,197,message,2023-11-25 01:58:48
24,432,story,2023-07-09 11:05:17
25,983,message,2023-12-12 23:44:18
26,16,story,2024-02-20 07:22:04
27,330,message,2023-08-13 05:54:34
28,503,story,2023-12-06 05:24:24
29,433,message,2023-10-07 11:29:55
30,995,story,2023-05-25 18:48:52
31,97,message,2023-12-25 18:21:41
32,525,story,2024-01-09 10:56:45
33,168,message,2023-04-19 00:33:18
34,258,story,2023-08-18 20:04:55
35,932,message,2023-05-23 08:06:21
36,67,story,2023-08-08 22:11:17
37,385,message,2023-03-26 16:35:49
38,278,story,2023-06-01 06:45:24
39,594,message,2023-11-12 12:25:16
40,578,story,2023-09-05 02:04:09
41,707,message,2023-06-27 12:45:35
42,992,story,2023-09-26 17:46:49
43,766,message,2023-04-20 09:40:05
44,70,story,2023-06-30 02:12:27
45,134,message,2024-01-13 00:37:21
46,312,story,2023-09-07 14:56:47
47,309,message,2023-03-08 23:38:00
48,483,story,2023-09-07 22:42:52
49,739,message,2023-09-05 05:52:53
50,684,story,2023-07-30 08:52:03
51,22,message,2023-09-11 16:03:22
52,414,story,2023-12-02 23:22:15
53,68,message,2023-08-10 19:43:54
54,21,story,2023-04-07 18:22:29
55,320,message,2023-05-14 06:40:00
56,421,story,2023-05-31 22:45:54
57,543,message,2023-11-15 07:14:46
58,681,story,2023-07-08 23:42:29
59,816,message,2023-05-15 00:00:33
60,912,story,2023-11-20 04:12:45
61,853,message,2023-10-30 12:39:37
62,197,story,2023-08-11 00:01:40
63,173,message,2023-04-18 20:01:38
64,129,story,2024-01-09 09:27:08
65,912,message,2023-12-13 13:03:25
66,521,story,2023-04-26 03:16:59
67,925,message,2023-11-14 02:14:13
68,553,story,2023-10-10 04:23:45
69,634,message,2023-03-20 11:40:16
70,696,story,2024-02-07 07:59:19
71,551,message,2023-05-12 18:22:32
72,732,story,2024-01-22 05:42:53
73,456,message,2024-02-04 16:05:34
74,299,story,2024-01-18 22:21:06
75,7,message,2023-10-07 10:45:45
76,402,story,2023-05-02 13:35:45
77,108,message,2024-01-30 23:37:45
78,311,story,2023-05-16 02:07:39
79,415,message,2023-11-22 06:49:25
80,871,story,2023-09-04 11:18:54
81,25,message,2023-07-13 20:37:36
82,907,story,2023-05-11 02:25:45
83,299,message,2023-09-14 15:25:31
84,709,story,2023-03-31 16:25:00
85,974,message,2024-02-23 17:52:23
86,542,story,2023-04-12 22:00:11
87,110,message,2023-07-20 15:25:01
88,358,story,2023-07-16 03:12:35
89,204,message,2023-03-23 02:12:59
90,13,story,2023-06-05 23:18:13
91,373,message,2024-02-06 11:05:58
92,10,story,2023-10-05 02:40:13
93,661,message,2023-09-14 15:47:09
94,725,story,2023-07-12 00:02:01
95,111,message,2023-06-16 17:22:09
96,291,story,2023-06-26 19:46:31
97,944,message,2023-04-19 15:21:11
98,292,story,2024-01-30 22:04:23
99,560,message,2023-12-03 13:14:48
100,542,story,2024-02-11 04:41:04
101,552,message,2023-03-15 03:03:51
102,324,story,2023-09-20 00:50:12
103,142,message,2023-04-08 16:22:10
104,624,story,2024-02-23 09:41:58
105,495,message,2023-09-12 00:15:09
106,944,story,2023-12-03 08:24:56
107,168,message,2023-10-30 07:42:10
108,701,story,2023-03-26 17:25:39
109,748,message,2024-02-03 21:54:05
110,203,story,2023-10-02 02:01:39
111,898,message,2023-04-11 05:32:57
112,112,story,2023-06-13 16:30:48
113,817,message,2024-01-15 10:09:36
114,184,story,2023-08-05 00:04:07
115,212,message,2023-07-26 21:45:27
116,704,story,2023-05-29 22:27:49
117,630,message,2023-12-11 19:04:44
118,875,story,2023-03-07 10:40:45
119,35,message,2023-10-26 17:06:52
120,314,story,2024-02-06 14:31:21
121,268,message,2023-11-09 23:12:41
122,844,story,2023-10-07 13:58:35
123,20,message,2023-09-13 12:25:23
124,156,story,2023-04-13 12:02:11
125,256,message,2023-12-05 17:11:51
126,578,story,2023-08-29 16:17:25
127,960,message,2023-10-09 06:47:10
128,780,story,2023-12-08 22:34:13
129,763,message,2023-09-28 15:51:55
130,758,story,2023-03-22 10:03:01
131,893,message,2023-03-13 07:38:14
132,536,story,2023-12-06 04:24:56
133,886,message,2023-11-13 21:46:12
134,325,story,2023-05-06 06:17:53
135,559,message,2023-08-19 06:23:31
136,514,story,2024-02-11 00:31:21
137,419,message,2023-07-29 07:21:24
138,550,story,2023-03-06 19:36:55
139,284,message,2023-09-02 11:51:20
140,688,story,2024-02-12 19:31:19
141,507,message,2023-10-31 02:25:20
142,48,story,2023-07-22 12:18:26
143,164,message,2023-06-04 02:00:47
144,546,story,2023-05-30 10:46:08
145,508,message,2023-09-13 19:09:46
146,792,story,2023-08-21 00:31:00
147,153,message,2023-07-03 00:03:36
148,786,story,2023-06-25 06:46:22
149,707,message,2023-09-25 04:18:14
150,340,story,2023-09-18 12:46:31
151,58,message,2023-06-01 03:12:17
152,48,story,2024-02-19 18:50:30
153,165,message,2023-07-27 08:22:06
154,413,story,2024-01-14 05:13:52
155,379,message,2023-03-13 08:03:32
156,548,story,2023-06-27 01:38:18
157,416,message,2023-04-23 08:56:40
158,371,story,2024-02-09 17:19:43
159,504,message,2023-08-03 12:31:25
160,311,story,2023-06-15 19:33:53
161,933,message,2023-07-18 06:10:14
162,238,story,2023-05-10 20:06:17
163,609,message,2024-01-29 05:38:21
164,174,story,2023-04-02 18:22:48
165,259,message,2023-11-29 06:59:43
166,712,story,2023-04-15 06:40:32
167,684,message,2023-05-05 02:34:54
168,627,story,2023-10-10 16:21:57
169,445,message,2023-10-21 15:26:41
170,952,story,2023-06-27 17:00:39
171,175,message,2023-06-09 04:53:03
172,979,story,2023-12-07 15:20:45
173,644,message,2023-12-23 11:32:58
174,168,story,2024-02-18 16:39:35
175,710,message,2023-05-25 21:20:20
176,824,story,2023-10-18 06:15:22
177,785,message,2023-09-23 00:28:35
178,740,story,2023-06-02 04:45:31
179,701,message,2024-01-04 21:58:41
180,648,story,2024-02-04 13:14:11
181,976,message,2023-09-23 15:51:12
182,13,story,2023-03-15 10:22:25
183,948,message,2023-04-16 08:05:05
184,273,story,2023-04-12 05:49:04
185,341,message,2024-02-08 12:09:02
186,765,story,2023-09-04 02:35:34
187,774,message,2023-10-26 04:59:08
188,670,story,2023-09-13 07:10:25
189,619,message,2023-08-03 06:36:17
190,393,story,2023-07-13 23:36:30
191,625,message,2023-11-01 21:29:25
192,362,story,2023-06-16 16:16:44
193,620,message,2023-04-22 07:49:18
194,826,story,2024-02-19 15:53:51
195,918,message,2023-07-09 12:28:35
196,645,story,2023-08-04 16:25:06
197,635,message,2023-12-21 04:04:04
198,47,story,2023-11-23 14:53:08
199,67,message,2023-08-19 04:58:12
200,852,story,2023-04-27 12:29:38
201,504,message,2023-11-01 16:17:43
202,583,story,2024-02-02 01:45:23
203,66,message,2023-09-28 09:41:32
204,888,story,2023-07-20 15:16:57
205,196,message,2023-08-24 05:36:10
206,318,story,2023-08-06 14:26:06
207,19,message,2023-06-23 07:24:02
208,795,story,2023-04-23 13:32:35
209,301,message,2023-07-01 07:42:18
210,956,story,2023-12-09 10:07:36
211,188,message,2023-11-02 23:52:51
212,984,story,2023-09-08 05:56:32
213,701,message,2023-12-19 19:57:37
214,643,story,2024-02-06 12:56:55
215,23,message,2023-04-09 09:49:04
216,800,story,2023-12-21 04:52:23
217,425,message,2023-12-19 21:21:01
218,982,story,2024-01-12 08:42:12
219,261,message,2023-03-09 14:20:05
220,941,story,2023-12-31 06:58:04
221,393,message,2023-10-26 11:39:05
222,911,story,2023-05-04 23:40:51
223,620,message,2023-03-27 10:47:53
224,345,story,2023-05-20 23:26:05
225,259,message,2023-05-26 16:56:12
226,8,story,2023-09-10 22:35:55
227,939,message,2023-04-07 16:09:33
228,385,story,2023-11-22 11:20:55
229,102,message,2023-06-08 23:42:31
230,744,story,2023-07-29 07:00:03
231,123,message,2023-09-29 18:06:20
232,526,story,2023-09-03 05:18:05
233,842,message,2023-03-26 12:09:17
234,452,story,2024-01-24 03:56:15
235,729,message,2023-06-30 04:43:10
236,568,story,2023-09-28 16:47:42
237,406,message,2023-09-27 21:43:38
238,145,story,2023-06-05 03:59:46
239,116,message,2023-09-22 16:22:39
240,62,story,2024-01-25 13:32:10
241,372,message,2023-12-16 00:10:32
242,402,story,2023-10-25 11:58:37
243,668,message,2023-11-02 19:56:05
244,948,story,2023-06-12 21:10:57
245,611,message,2023-08-10 07:51:07
246,584,story,2023-11-23 06:28:39
247,550,message,2023-05-31 09:13:28
248,37,story,2023-12-06 15:43:45
249,99,message,2024-02-21 22:52:26
250,766,story,2023-04-12 15:51:27
251,792,message,2023-07-06 13:09:58
252,111,story,2023-08-21 20:08:48
253,539,message,2023-07-15 03:48:41
254,598,story,2023-12-14 09:09:11
255,612,message,2023-11-19 06:41:44
256,844,story,2023-03-10 15:51:42
257,948,message,2023-12-21 18:59:21
258,864,story,2024-01-22 09:57:53
259,462,message,2023-03-20 19:09:09
260,433,story,2023-03-04 20:32:38
261,214,message,2023-03-20 01:59:46
262,197,story,2023-12-30 20:27:37
263,500,message,2023-03-19 11:53:42
264,715,story,2023-03-30 11:33:09
265,546,message,2023-05-24 18:43:42
266,828,story,2023-06-23 16:08:32
267,248,message,2023-07-23 21:27:32
268,275,story,2024-01-17 06:34:01
269,931,message,2023-08-17 18:23:11
270,804,story,2023-05-30 01:05:28
271,966,message,2023-12-16 09:08:39
272,755,story,2023-11-07 09:10:09
273,180,message,2023-05-29 07:44:58
274,867,story,2024-01-13 22:30:54
275,235,message,2024-01-06 17:14:23
276,56,story,2023-10-10 12:30:15
277,576,message,2023-04-24 07:22:56
278,355,story,2023-03-05 12:32:17
279,243,message,2023-10-25 22:49:23
280,545,story,2023-05-24 20:10:18
281,661,message,2023-09-01 12:38:57
282,651,story,2023-04-15 03:56:44
283,862,message,2023-11-07 04:00:20
284,428,story,2023-06-08 18:35:43
285,623,message,2023-07-17 11:06:07
286,291,story,2023-05-22 13:33:40
287,43,message,2023-11-29 17:03:40
288,776,story,2023-09-02 19:04:39
289,754,message,2023-08-12 06:42:06
290,719,story,2023-09-25 20:18:28
291,653,message,2023-05-30 00:34:51
292,349,story,2023-09-28 20:39:26
293,716,message,2023-07-09 06:18:17
294,758,story,2023-12-06 14:38:04
295,106,message,2024-01-17 11:03:52
296,932,story,2023-11-09 23:05:38
297,176,message,2023-10-11 20:23:49
298,239,story,2023-08-09 22:34:00
299,302,message,2023-04-20 03:44:57
300,496,story,2023-08-30 23:13:37
301,587,message,2023-09-07 00:10:10
302,553,story,2023-06-02 01:21:13
303,532,message,2023-03-29 10:54:47
304,196,story,2023-12-27 12:22:08
305,360,message,2023-03-04 23:21:27
306,920,story,2023-08-23 20:22:44
307,693,message,2023-11-14 17:12:54
308,731,story,2023-03-06 06:36:43
309,259,message,2023-11-23 22:38:29
310,550,story,2023-11-17 02:45:43
311,925,message,2023-06-05 03:03:15
312,888,story,2023-10-06 19:27:36
313,705,message,2023-08-15 21:17:41
314,24,story,2024-02-13 22:16:46
315,219,message,2023-12-03 23:31:02
316,470,story,2023-12-02 16:11:36
317,546,message,2023-11-11 21:09:46
318,188,story,2023-12-04 00:40:59
319,469,message,2023-11-17 15:49:49
320,244,story,2023-09-04 04:02:04
321,279,message,2023-07-26 09:41:00
322,785,story,2023-09-22 17:08:46
323,922,message,2023-10-15 10:50:11
324,186,story,2023-10-17 23:32:17
325,467,message,2023-07-21 00:25:52
326,665,story,2023-03-10 02:56:13
327,693,message,2023-07-29 07:35:54
328,497,story,2023-04-10 09:56:50
329,902,message,2023-07-10 10:56:10
330,868,story,2023-08-21 22:43:59
331,275,message,2023-11-28 01:42:18
332,832,story,2024-01-23 05:13:05
333,739,message,2023-06-18 05:58:10
334,532,story,2023-06-20 20:52:36
335,980,message,2023-05-02 15:18:14
336,449,story,2023-10-27 14:29:02
337,916,message,2024-01-26 01:27:30
338,460,story,2023-05-22 07:29:03
339,159,message,2023-09-08 15:52:32
340,234,story,2023-04-20 11:13:43
341,410,message,2023-12-02 11:39:55
342,530,story,2023-05-06 01:28:42
343,297,message,2023-04-15 16:00:34
344,881,story,2023-12-19 23:43:18
345,689,message,2023-07-10 11:48:58
346,904,story,2023-08-01 18:47:28
347,640,message,2023-04-30 11:18:17
348,52,story,2023-11-18 17:12:36
349,274,message,2023-08-03 02:57:15
350,543,story,2023-10-06 21:54:34
351,549,message,2023-09-09 03:58:39
352,871,story,2023-06-29 13:16:21
353,190,message,2024-02-22 09:52:29
354,968,story,2023-10-16 13:03:39
355,448,message,2024-02-27 13:48:04
356,301,story,2024-02-26 15:15:15
357,850,message,2023-11-09 19:47:25
358,40,story,2024-02-26 17:08:13
359,407,message,2024-01-19 11:30:43
360,979,story,2023-10-04 17:21:39
361,751,message,2024-01-19 21:45:36
362,951,story,2023-08-02 18:39:21
363,113,message,2023-11-23 08:19:36
364,946,story,2023-04-25 01:00:17
365,970,message,2023-12-19 15:09:13
366,437,story,2023-04-19 08:47:18
367,482,message,2023-12-02 18:43:34
368,753,story,2023-04-01 02:47:57
369,161,message,2023-07-11 12:08:04
370,120,story,2023-03-25 18:11:17
371,296,message,2024-01-01 15:06:07
372,193,story,2023-04-28 17:16:58
373,568,message,2023-09-25 08:45:55
374,181,story,2023-09-05 15:16:40
375,335,message,2024-01-07 08:44:10
376,54,story,2024-02-11 06:24:17
377,327,message,2023-05-28 08:32:16
378,170,story,2023-07-07 12:10:22
379,355,message,2023-04-24 08:30:10
380,568,story,2023-10-08 08:55:42
381,471,message,2024-02-12 11:49:42
382,105,story,2023-05-30 06:47:11
383,143,message,2023-11-11 09:49:31
384,587,story,2023-10-10 02:52:45
385,222,message,2023-11-27 20:44:53
386,559,story,2023-11-12 19:12:07
387,901,message,2023-08-29 01:55:12
388,172,story,2024-02-09 10:28:39
389,161,message,2023-11-13 05:41:37
390,611,story,2024-02-14 10:26:44
391,639,message,2023-12-14 09:33:53
392,880,story,2024-01-10 04:09:26
393,829,message,2024-01-21 08:53:00
394,307,story,2023-09-23 12:30:01
395,374,message,2023-04-24 14:27:58
396,808,story,2023-08-23 10:13:57
397,514,message,2024-02-09 01:10:26
398,823,story,2023-04-08 04:30:26
399,874,message,2023-05-20 09:16:51
400,323,story,2023-07-12 13:40:41
401,488,message,2024-01-19 01:40:08
402,975,story,2023-04-14 16:32:19
403,224,message,2023-04-19 20:48:31
404,958,story,2023-06-06 03:31:10
405,785,message,2023-03-14 10:43:37
406,235,story,2023-12-31 23:31:44
407,195,message,2023-09-09 15:56:48
408,821,story,2023-06-16 09:55:04
409,810,message,2023-08-31 00:46:49
410,778,story,2023-07-21 23:14:28
411,637,message,2023-03-27 08:18:02
412,956,story,2023-10-25 21:05:45
413,416,message,2023-08-24 13:29:55
414,548,story,2023-04-12 20:13:30
415,393,message,2023-06-25 04:50:08
416,714,story,2023-03-10 09:29:52
417,641,message,2023-06-03 11:58:32
418,405,story,2023-11-15 22:02:45
419,290,message,2023-12-24 20:09:35
420,899,story,2023-06-08 08:25:24
421,945,message,2023-12-17 06:01:22
422,55,story,2023-03-18 05:47:14
423,44,message,2023-08-23 16:45:22
424,74,story,2023-08-26 14:30:20
425,958,message,2023-04-14 22:22:57
426,516,story,2023-04-08 00:11:51
427,879,message,2023-07-04 06:45:54
428,868,story,2023-09-30 21:24:42
429,112,message,2023-09-12 03:29:17
430,739,story,2024-01-11 23:07:37
431,943,message,2023-09-13 11:20:48
432,451,story,2023-10-12 05:16:16
433,573,message,2023-11-11 16:18:44
434,252,story,2023-07-20 22:45:31
435,386,message,2024-01-15 23:26:28
436,235,story,2024-02-01 10:40:16
437,449,message,2023-08-21 12:37:35
438,828,story,2023-08-31 11:22:10
439,611,message,2023-12-07 13:16:13
440,319,story,2023-10-11 02:08:30
441,908,message,2023-08-22 10:34:40
442,430,story,2023-06-17 20:13:38
443,701,message,2024-02-10 15:43:04
444,145,story,2024-01-26 06:37:52
445,147,message,2024-01-11 03:40:41
446,724,story,2023-07-13 15:22:10
447,452,message,2023-10-01 22:15:34
448,563,story,2024-01-30 09:33:16
449,436,message,2023-08-07 02:00:15
450,146,story,2023-05-15 18:36:16
451,777,message,2023-04-03 18:54:56
452,434,story,2023-03-26 15:37:36
453,238,message,2023-04-01 08:53:23
454,6,story,2023-05-12 14:00:24
455,6,message,2024-02-13 09:44:06
456,336,story,2023-12-19 21:03:28
457,295,message,2024-02-26 06:21:57
458,486,story,2023-03-29 08:22:08
459,624,message,2024-01-28 15:23:16
460,513,story,2023-09-09 12:53:22
461,109,message,2023-09-27 02:14:09
462,193,story,2023-03-25 21:15:49
463,90,message,2024-01-13 09:28:52
464,580,story,2023-03-01 05:38:32
465,999,message,2024-01-23 08:42:57
466,763,story,2023-09-03 07:31:58
467,247,message,2023-07-09 05:32:26
468,32,story,2023-04-02 02:07:28
469,523,message,2023-08-03 06:58:32
470,311,story,2023-10-24 10:33:47
471,314,message,2023-07-02 14:53:33
472,190,story,2023-03-08 18:44:16
473,547,message,2023-07-23 14:04:45
474,548,story,2023-10-09 02:40:05
475,797,message,2023-04-28 17:00:05
476,436,story,2023-12-20 04:30:55
477,17,message,2024-01-02 01:31:06
478,225,story,2024-02-01 16:41:02
479,807,message,2023-07-07 08:42:40
480,527,story,2023-08-30 05:37:33
481,474,message,2023-09-26 16:34:36
482,148,story,2023-08-16 18:31:15
483,9,message,2023-08-12 11:08:13
484,82,story,2024-01-19 04:17:53
485,433,message,2024-01-06 22:29:37
486,54,story,2023-12-15 13:14:58
487,768,message,2023-05-07 02:24:22
488,333,story,2023-03-12 06:11:56
489,892,message,2023-08-19 00:42:17
490,948,story,2023-08-25 05:56:10
491,402,message,2023-08-20 14:47:47
492,238,story,2024-01-03 22:26:54
493,584,message,2023-04-18 00:02:52
494,941,story,2023-03-31 15:01:37
495,196,message,2023-10-11 07:47:50
496,501,story,2023-08-30 23:51:46
497,444,message,2024-02-06 04:18:02
498,737,story,2023-10-07 00:05:59
499,13,message,2024-01-22 18:35:18
500,857,story,2024-01-29 03:20:07
501,860,message,2023-11-02 21:39:21
502,427,story,2023-03-21 02:26:15
503,417,message,2023-08-22 10:21:07
504,602,story,2023-07-22 05:00:38
505,882,message,2023-06-24 01:13:26
506,108,story,2023-03-02 14:20:34
507,903,message,2023-03-24 07:38:50
508,782,story,2023-08-10 12:55:13
509,117,message,2023-11-22 13:22:31
510,837,story,2023-09-26 00:27:36
511,798,message,2023-08-05 07:17:16
512,49,story,2023-05-18 14:28:33
513,769,message,2023-10-04 13:14:34
514,460,story,2024-01-15 17:20:38
515,988,message,2023-12-12 01:09:40
516,95,story,2023-10-17 07:58:25
517,482,message,2024-01-09 11:38:29
518,941,story,2023-03-13 22:12:16
519,657,message,2023-12-16 23:23:27
520,597,story,2023-03-25 22:09:23
521,593,message,2024-02-06 14:51:35
522,554,story,2024-01-29 15:07:46
523,896,message,2023-12-24 04:25:41
524,328,story,2023-07-15 20:28:19
525,158,message,2023-10-13 19:15:39
526,605,story,2023-10-11 14:23:50
527,449,message,2023-06-10 18:22:59
528,415,story,2023-07-07 11:58:33
529,284,message,2024-01-11 01:50:18
530,703,story,2023-08-03 06:00:56
531,789,message,2023-05-04 20:19:46
532,326,story,2023-08-31 07:19:33
533,910,message,2024-01-16 15:01:07
534,958,story,2023-08-27 07:26:48
535,780,message,2023-09-23 05:57:49
536,647,story,2023-08-19 01:20:28
537,860,message,2024-01-07 21:28:36
538,941,story,2023-05-31 03:38:28
539,943,message,2023-05-15 19:48:52
540,577,story,2023-12-17 08:38:08
541,486,message,2023-03-30 12:12:38
542,666,story,2023-10-12 22:13:01
543,456,message,2023-03-29 10:33:39
544,564,story,2023-03-31 06:25:08
545,780,message,2024-02-20 12:07:49
546,625,story,2023-12-27 20:22:57
547,847,message,2024-02-05 13:27:53
548,852,story,2023-09-05 07:34:39
549,335,message,2023-08-09 00:57:31
550,160,story,2023-06-22 16:48:11
551,195,message,2023-04-27 09:47:42
552,604,story,2023-09-29 21:10:00
553,906,message,2024-01-14 20:36:26
554,874,story,2023-11-24 10:15:39
555,626,message,2023-11-09 10:28:23
556,995,story,2023-04-05 04:39:48
557,763,message,2023-12-20 22:29:59
558,30,story,2023-08-03 05:04:38
559,389,message,2024-02-25 05:47:16
560,605,story,2023-05-15 14:16:37
561,790,message,2023-09-16 11:04:26
562,623,story,2023-03-30 23:13:42
563,291,message,2023-11-21 08:37:05
564,362,story,2023-03-25 07:17:12
565,701,message,2023-09-02 21:20:17
566,991,story,2023-08-19 01:42:27
567,38,message,2023-05-06 14:38:49
568,213,story,2024-01-09 20:52:13
569,395,message,2023-07-06 17:18:08
570,633,story,2023-06-05 05:27:45
571,765,message,2023-11-23 14:08:02
572,784,story,2023-11-12 20:09:11
573,698,message,2024-02-04 04:04:53
574,733,story,2023-12-21 13:11:28
575,352,message,2023-03-27 19:31:11
576,228,story,2024-01-03 10:49:19
577,733,message,2023-12-20 22:31:52
578,662,story,2023-11-18 12:01:39
579,171,message,2023-09-20 00:39:41
580,17,story,2023-06-08 05:06:43
581,478,message,2023-08-08 23:28:09
582,426,story,2024-01-04 16:56:31
583,894,message,2024-01-08 08:40:37
584,260,story,2024-01-30 18:29:02
585,132,message,2023-03-10 14:18:29
586,630,story,2023-05-24 08:40:22
587,57,message,2023-08-29 09:19:30
588,192,story,2023-09-28 17:03:26
589,883,message,2024-02-01 10:57:10
590,51,story,2023-09-04 09:36:30
591,556,message,2023-04-04 04:36:18
592,44,story,2023-09-26 18:02:07
593,663,message,2023-08-19 11:03:02
594,350,story,2023-05-11 01:10:05
595,979,message,2023-10-20 05:28:01
596,250,story,2023-06-11 23:13:53
597,657,message,2023-10-12 20:18:44
598,392,story,2023-05-13 14:23:27
599,107,message,2023-10-22 06:03:58
600,245,story,2023-10-26 16:30:58
601,330,message,2023-12-05 02:28:45
602,368,story,2023-12-30 15:58:13
603,138,message,2023-11-07 02:18:03
604,606,story,2023-08-04 02:51:04
605,889,message,2023-05-20 06:34:58
606,270,story,2023-04-04 09:12:14
607,970,message,2023-11-29 08:16:45
608,409,story,2023-07-18 10:53:40
609,569,message,2023-04-27 16:17:25
610,889,story,2023-09-07 17:40:01
611,263,message,2023-06-08 04:21:50
612,291,story,2023-10-21 06:06:04
613,762,message,2023-10-26 05:43:11
614,576,story,2023-10-23 22:45:19
615,31,message,2023-10-14 04:10:17
616,181,story,2023-05-15 08:28:29
617,541,message,2023-09-05 02:42:49
618,753,story,2023-04-08 22:48:14
619,100,message,2024-02-07 10:09:45
620,897,story,2023-11-26 23:40:35
621,305,message,2023-03-22 23:42:35
622,261,story,2023-03-02 15:25:13
623,983,message,2023-12-06 22:46:39
624,742,story,2024-02-25 06:14:33
625,199,message,2023-05-26 14:41:45
626,679,story,2024-01-18 04:06:56
627,138,message,2023-09-28 15:26:34
628,879,story,2023-09-13 17:30:13
629,39,message,2023-08-14 19:20:43
630,87,story,2023-09-01 06:12:29
631,593,message,2023-11-26 05:09:41
632,870,story,2023-05-30 20:10:47
633,503,message,2023-12-14 04:28:36
634,561,story,2023-06-19 07:09:00
635,792,message,2023-10-04 13:01:51
636,637,story,2023-08-16 20:36:30
637,605,message,2023-10-30 21:22:07
638,124,story,2023-07-05 08:06:07
639,700,message,2023-04-24 01:48:50
640,42,story,2023-09-13 09:04:24
641,323,message,2023-05-09 09:23:58
642,552,story,2024-01-21 12:19:53
643,613,message,2024-01-06 05:39:58
644,906,story,2023-03-29 00:02:21
645,689,message,2023-12-11 02:51:44
646,905,story,2023-08-20 22:10:48
647,875,message,2023-07-13 02:57:17
648,594,story,2023-06-11 10:46:44
649,607,message,2023-10-08 15:49:20
650,884,story,2024-01-05 03:24:46
651,245,message,2024-01-10 09:50:50
652,481,story,2023-12-24 16:46:35
653,935,message,2023-09-27 06:09:22
654,982,story,2023-09-01 05:28:17
655,511,message,2023-06-09 19:34:10
656,666,story,2023-07-09 19:52:43
657,889,message,2023-07-28 20:29:00
658,585,story,2023-03-03 13:39:43
659,77,message,2023-11-12 22:30:35
660,992,story,2024-02-11 04:27:14
661,766,message,2023-09-25 12:16:36
662,380,story,2023-04-27 01:30:48
663,506,message,2023-03-08 01:03:49
664,866,story,2023-09-02 23:24:05
665,797,message,2023-09-24 23:59:08
666,715,story,2023-06-13 05:58:02
667,922,message,2024-01-01 04:01:25
668,985,story,2023-07-17 01:19:28
669,465,message,2023-06-27 00:16:31
670,448,story,2024-02-11 03:50:13
671,241,message,2024-02-17 22:14:38
672,753,story,2023-11-27 00:48:29
673,166,message,2023-07-20 07:42:21
674,198,story,2023-08-29 19:19:11
675,212,message,2023-08-16 11:32:12
676,451,story,2024-02-24 02:31:16
677,523,message,2023-09-14 23:03:21
678,49,story,2024-01-05 07:58:57
679,256,message,2023-04-09 23:31:26
680,825,story,2023-06-14 05:24:36
681,25,message,2023-12-15 19:56:06
682,704,story,2023-05-05 14:28:48
683,540,message,2023-07-30 19:57:51
684,699,story,2023-05-02 13:55:46
685,376,message,2024-01-28 20:09:59
686,888,story,2023-05-04 13:22:16
687,831,message,2024-02-03 17:20:22
688,475,story,2023-03-23 23:13:34
689,719,message,2023-06-08 01:25:59
690,697,story,2024-01-31 01:34:09
691,234,message,2023-09-04 21:40:54
692,309,story,2023-09-05 14:50:51
693,489,message,2023-05-06 23:51:36
694,745,story,2023-05-17 09:20:31
695,223,message,2023-09-18 16:40:46
696,577,story,2023-12-18 02:10:41
697,127,message,2023-07-30 14:18:08
698,780,story,2023-09-25 14:42:43
699,320,message,2023-08-12 02:59:24
700,33,story,2023-08-28 13:46:56
701,116,message,2024-02-10 15:32:07
702,90,story,2023-08-27 05:49:04
703,584,message,2023-07-03 04:25:19
704,510,story,2023-04-08 01:31:27
705,347,message,2023-05-15 18:25:05
706,328,story,2024-01-22 07:22:26
707,383,message,2023-07-12 03:44:13
708,897,story,2024-01-09 03:44:40
709,103,message,2023-03-24 10:57:17
710,863,story,2024-02-04 08:11:10
711,731,message,2023-11-15 12:22:59
712,253,story,2023-10-15 20:22:00
713,441,message,2023-08-28 15:40:52
714,94,story,2023-12-24 01:01:40
715,66,message,2023-07-16 03:04:12
716,645,story,2023-12-19 16:30:59
717,853,message,2023-12-07 21:41:38
718,305,story,2024-01-21 20:53:55
719,358,message,2023-10-07 09:54:52
720,509,story,2023-07-07 11:15:21
721,238,message,2024-01-27 01:05:50
722,719,story,2023-03-01 07:34:37
723,388,message,2024-02-19 20:46:28
724,468,story,2023-06-21 04:57:07
725,606,message,2023-04-19 17:55:50
726,286,story,2023-06-22 02:19:34
727,556,message,2023-12-04 19:48:41
728,500,story,2023-12-13 12:35:11
729,771,message,2023-03-25 01:06:16
730,270,story,2023-11-19 10:14:32
731,185,message,2024-01-06 21:26:07
732,978,story,2023-10-08 12:56:51
733,958,message,2023-08-11 17:50:45
734,118,story,2023-06-08 18:37:34
735,787,message,2024-01-22 23:35:52
736,950,story,2023-08-19 17:09:44
737,71,message,2023-04-25 11:00:45
738,244,story,2023-06-07 16:30:18
739,523,message,2023-10-17 08:57:19
740,767,story,2023-06-25 06:07:48
741,204,message,2023-03-24 12:04:31
742,63,story,2023-10-03 13:18:10
743,628,message,2023-11-28 21:17:44
744,178,story,2023-07-14 17:12:42
745,624,message,2023-12-14 10:54:47
746,569,story,2023-09-07 01:04:37
747,840,message,2023-05-06 09:13:08
748,497,story,2023-10-25 22:45:39
749,272,message,2023-08-13 11:38:57
750,998,story,2024-01-27 14:28:18
751,244,message,2024-01-08 13:55:58
752,413,story,2023-08-15 17:44:44
753,182,message,2023-07-15 22:59:22
754,279,story,2024-01-10 21:41:57
755,692,message,2023-11-30 19:47:59
756,834,story,2023-09-24 05:43:56
757,470,message,2024-02-27 11:57:49
758,218,story,2023-05-13 23:07:46
759,166,message,2024-01-23 02:38:34
760,98,story,2023-05-22 22:40:36
761,1000,message,2023-10-19 02:58:34
762,939,story,2023-08-26 08:40:49
763,211,message,2023-07-17 07:17:33
764,208,story,2024-01-03 04:51:23
765,202,message,2023-06-17 07:16:53
766,616,story,2024-01-25 16:49:58
767,358,message,2023-04-25 08:15:01
768,764,story,2023-12-16 07:13:23
769,318,message,2023-06-17 08:38:10
770,852,story,2023-10-23 01:32:16
771,110,message,2023-08-18 12:30:42
772,321,story,2023-03-22 13:58:05
773,577,message,2023-04-05 06:57:59
774,742,story,2023-05-23 05:49:12
775,247,message,2023-05-14 02:17:59
776,957,story,2024-01-31 06:30:16
777,128,message,2023-07-03 10:53:50
778,367,story,2023-04-26 06:44:23
779,249,message,2024-01-15 18:19:10
780,788,story,2023-04-02 17:19:02
781,48,message,2023-11-23 18:49:23
782,357,story,2024-02-02 14:09:16
783,507,message,2023-08-16 17:43:06
784,852,story,2023-12-14 22:43:39
785,935,message,2023-07-27 22:35:49
786,912,story,2023-10-09 16:46:06
787,185,message,2023-04-04 09:48:12
788,927,story,2023-07-26 18:50:20
789,813,message,2023-11-24 06:36:56
790,336,story,2023-05-22 02:27:05
791,757,message,2023-07-17 20:27:11
792,524,story,2023-09-02 19:56:16
793,289,message,2023-04-01 09:05:19
794,328,story,2023-12-31 17:01:43
795,754,message,2023-03-02 19:23:30
796,518,story,2023-11-03 06:23:47
797,335,message,2023-08-23 00:38:52
798,190,story,2023-07-14 05:48:20
799,997,message,2023-07-24 16:57:49
800,958,story,2023-07-08 08:26:55
801,79,message,2023-08-28 05:58:16
802,554,story,2024-01-29 02:49:45
803,958,message,2023-04-21 09:27:40
804,27,story,2023-12-30 23:12:18
805,417,message,2023-09-17 09:40:40
806,438,story,2023-03-21 20:04:10
807,570,message,2023-11-26 15:13:14
808,428,story,2024-02-06 19:41:45
809,6,message,2023-10-01 20:00:36
810,2,story,2023-03-02 04:01:26
811,289,message,2024-02-12 23:18:55
812,688,story,2024-02-02 07:39:59
813,75,message,2023-11-28 23:20:52
814,116,story,2023-04-09 13:45:12
815,381,message,2023-03-18 06:47:51
816,376,story,2023-12-04 12:38:11
817,324,message,2023-05-26 21:14:19
818,68,story,2023-10-24 00:01:00
819,806,message,2023-08-26 10:37:47
820,499,story,2023-10-30 23:29:51
821,553,message,2023-03-29 02:56:11
822,14,story,2024-01-22 10:09:55
823,478,message,2023-10-01 12:04:34
824,758,story,2023-12-07 07:46:44
825,478,message,2023-03-03 12:57:13
826,95,story,2023-06-09 01:12:32
827,329,message,2023-03-20 02:36:22
828,847,story,2023-09-24 16:36:09
829,702,message,2023-07-06 11:23:31
830,622,story,2023-04-01 10:42:14
831,316,message,2023-05-10 04:45:36
832,596,story,2024-02-22 06:35:29
833,605,message,2024-02-04 05:48:57
834,987,story,2023-09-27 14:16:04
835,173,message,2023-09-22 10:48:20
836,308,story,2023-04-01 05:38:11
837,490,message,2024-02-16 18:30:16
838,28,story,2023-09-30 14:47:41
839,520,message,2023-09-10 15:58:17
840,533,story,2023-04-11 18:14:56
841,475,message,2023-03-05 08:36:50
842,420,story,2023-08-30 08:58:37
843,398,message,2023-12-24 22:47:09
844,836,story,2023-02-28 02:45:21
845,609,message,2023-03-04 18:51:15
846,75,story,2024-02-15 01:46:18
847,443,message,2023-03-11 09:11:41
848,998,story,2023-09-17 07:53:41
849,429,message,2023-10-18 10:59:53
850,450,story,2023-09-22 23:21:06
851,815,message,2023-07-23 17:33:42
852,992,story,2023-06-17 18:32:59
853,485,message,2023-11-14 00:09:09
854,448,story,2024-02-03 22:46:29
855,782,message,2023-04-29 19:00:27
856,503,story,2023-12-20 05:24:55
857,994,message,2023-06-06 21:50:51
858,258,story,2023-06-25 21:24:35
859,473,message,2024-02-18 12:28:44
860,373,story,2023-12-11 23:56:42
861,889,message,2023-08-11 18:37:55
862,263,story,2023-04-10 06:25:48
863,173,message,2024-01-30 17:05:38
864,434,story,2023-07-31 21:19:04
865,698,message,2023-04-27 17:27:30
866,185,story,2023-07-26 12:54:21
867,897,message,2024-01-20 15:07:07
868,865,story,2023-09-20 03:23:29
869,272,message,2023-12-09 20:46:16
870,39,story,2023-06-12 18:31:45
871,862,message,2024-02-24 20:19:08
872,493,story,2023-06-21 23:01:28
873,103,message,2023-11-26 14:32:56
874,705,story,2023-10-01 16:54:36
875,646,message,2023-02-28 06:48:35
876,572,story,2024-01-05 04:43:22
877,902,message,2024-01-14 13:29:13
878,810,story,2023-03-26 02:22:13
879,194,message,2023-03-27 07:46:44
880,430,story,2023-03-30 09:42:26
881,28,message,2024-02-19 12:12:31
882,702,story,2024-01-29 20:24:18
883,48,message,2023-06-27 08:43:25
884,579,story,2023-09-25 08:50:16
885,798,message,2024-01-17 14:33:55
886,427,story,2023-12-03 18:55:20
887,109,message,2023-08-24 05:50:26
888,470,story,2023-12-11 22:55:00
889,201,message,2023-09-09 11:15:46
890,939,story,2023-09-01 07:33:41
891,883,message,2024-01-05 07:42:13
892,555,story,2023-11-26 02:58:32
893,826,message,2023-03-23 09:34:33
894,47,story,2024-01-26 23:28:00
895,549,message,2023-05-09 21:51:46
896,544,story,2023-09-23 08:51:45
897,768,message,2023-04-13 01:05:36
898,533,story,2023-06-05 04:26:47
899,332,message,2023-06-26 09:21:12
900,106,story,2023-12-30 03:57:05
901,16,message,2023-03-29 02:17:47
902,407,story,2023-04-17 21:56:11
903,635,message,2023-04-14 16:32:54
904,390,story,2024-01-04 11:49:46
905,929,message,2024-01-03 02:36:09
906,774,story,2024-02-14 03:19:55
907,217,message,2023-04-17 15:01:49
908,337,story,2023-06-14 19:44:58
909,909,message,2023-09-24 06:13:57
910,537,story,2023-12-24 04:00:58
911,638,message,2023-12-14 07:57:17
912,53,story,2023-05-09 11:37:56
913,948,message,2023-05-18 09:01:03
914,360,story,2023-03-26 14:45:04
915,175,message,2024-02-02 04:46:38
916,925,story,2023-05-28 21:22:32
917,868,message,2023-12-21 04:31:11
918,713,story,2023-11-29 12:36:35
919,856,message,2023-06-28 01:01:57
920,744,story,2023-03-07 01:12:31
921,646,message,2023-04-12 02:05:38
922,82,story,2023-10-30 18:50:26
923,13,message,2024-02-22 04:08:58
924,805,story,2023-06-27 14:36:44
925,824,message,2023-05-19 19:50:27
926,973,story,2024-02-24 14:49:58
927,502,message,2023-06-30 01:35:13
928,883,story,2023-10-30 21:05:32
929,833,message,2023-08-22 13:56:43
930,320,story,2023-07-21 03:25:13
931,643,message,2023-11-21 08:49:38
932,280,story,2023-05-16 17:53:12
933,174,message,2023-06-08 12:49:07
934,737,story,2023-06-07 15:04:42
935,673,message,2023-03-19 22:24:47
936,664,story,2024-01-09 02:23:54
937,654,message,2023-09-26 19:44:06
938,41,story,2023-04-26 20:10:35
939,416,message,2023-03-04 01:25:44
940,543,story,2024-02-22 04:17:53
941,196,message,2023-05-12 10:46:58
942,694,story,2023-05-10 18:36:09
943,43,message,2023-05-27 10:01:48
944,974,story,2024-02-08 01:24:24
945,362,message,2023-05-14 00:03:34
946,818,story,2023-11-28 00:14:04
947,851,message,2023-11-09 03:15:46
948,535,story,2023-05-28 09:03:31
949,628,message,2023-09-14 15:50:57
950,316,story,2023-10-16 19:00:20
951,22,message,2023-06-15 04:49:28
952,712,story,2023-04-29 16:55:31
953,476,message,2024-02-23 19:38:07
954,862,story,2024-01-06 11:52:54
955,179,message,2024-02-26 21:57:09
956,662,story,2023-12-08 09:00:13
957,920,message,2023-04-16 15:09:20
958,895,story,2023-10-02 09:13:09
959,518,message,2023-10-16 02:57:58
960,828,story,2023-11-05 05:43:56
961,98,message,2023-07-28 18:23:01
962,540,story,2023-09-22 03:33:32
963,243,message,2023-07-02 08:58:56
964,601,story,2023-11-22 20:46:07
965,668,message,2024-02-13 09:02:21
966,53,story,2023-12-23 18:37:07
967,960,message,2023-08-20 20:30:39
968,48,story,2023-08-30 00:30:58
969,33,message,2023-07-17 11:31:14
970,455,story,2023-05-26 22:20:44
971,238,message,2023-07-19 18:24:32
972,429,story,2023-09-09 07:34:07
973,381,message,2023-12-23 18:36:27
974,490,story,2023-12-13 13:08:20
975,504,message,2023-11-21 04:33:21
976,106,story,2023-12-28 13:21:51
977,150,message,2023-03-21 04:33:38
978,312,story,2023-07-26 14:22:12
979,395,message,2023-06-07 04:45:15
980,483,story,2023-09-17 12:55:14
981,377,message,2023-10-04 05:15:08
982,191,story,2023-06-10 11:40:25
983,241,message,2023-07-14 10:04:26
984,406,story,2023-12-24 21:10:06
985,742,message,2023-04-25 15:21:14
986,227,story,2023-05-04 01:21:44
987,170,message,2023-08-04 18:18:28
988,987,story,2023-09-04 11:19:13
989,730,message,2023-06-19 02:25:54
990,860,story,2023-12-27 22:47:52
991,621,message,2023-09-11 06:56:17
992,671,story,2023-03-23 14:52:18
993,220,message,2023-11-06 06:42:12
994,231,story,2023-09-27 00:22:00
995,65,message,2023-12-13 14:40:23
996,378,story,2024-01-24 12:19:36
997,845,message,2023-06-04 07:24:56
998,182,story,2023-10-20 18:31:39
999,220,message,2024-01-17 11:58:36
1000,85,story,2024-01-16 10:48:07
